{"stats":{"minecraft:used":{"minecraft:jungle_planks":1},"minecraft:mined":{"minecraft:tall_seagrass":1,"minecraft:jungle_planks":1,"minecraft:sand":9,"minecraft:kelp_plant":2,"minecraft:sugar_cane":1},"minecraft:picked_up":{"minecraft:coast_armor_trim_smithing_template":2,"minecraft:filled_map":1,"minecraft:jungle_planks":1,"minecraft:sand":7,"minecraft:sugar_cane":2,"minecraft:paper":11},"minecraft:custom":{"minecraft:time_since_rest":11852,"minecraft:open_chest":2,"minecraft:play_time":11852,"minecraft:sprint_one_cm":10883,"minecraft:damage_taken":227,"minecraft:walk_one_cm":13012,"minecraft:sneak_time":74,"minecraft:walk_under_water_one_cm":15630,"minecraft:jump":90,"minecraft:damage_dealt":197,"minecraft:time_since_death":11852,"minecraft:walk_on_water_one_cm":14654,"minecraft:total_world_time":11852,"minecraft:swim_one_cm":98485,"minecraft:fall_one_cm":1776,"minecraft:fly_one_cm":13912,"minecraft:player_kills":1}},"DataVersion":3955}