{"stats":{"minecraft:dropped":{"minecraft:stone_axe":2,"minecraft:compass":1,"minecraft:kelp":40,"minecraft:iron_nugget":4,"minecraft:cobblestone":1,"minecraft:emerald":15,"minecraft:filled_map":2,"minecraft:dirt":20,"minecraft:wooden_axe":2,"minecraft:oak_sapling":1,"minecraft:dried_kelp":9,"minecraft:arrow":2,"minecraft:wooden_pickaxe":5,"minecraft:bone":1,"minecraft:oak_door":3},"minecraft:killed_by":{"minecraft:player":2},"minecraft:used":{"minecraft:stone_pickaxe":1,"minecraft:dried_kelp":3,"minecraft:wooden_pickaxe":20,"minecraft:sandstone":1,"minecraft:dirt":1,"minecraft:sand":16,"minecraft:crafting_table":2,"minecraft:jungle_planks":1,"minecraft:wooden_axe":3,"minecraft:stone_axe":9,"minecraft:cobblestone":1,"minecraft:furnace":1,"minecraft:oak_boat":1},"minecraft:mined":{"minecraft:dark_oak_planks":1,"minecraft:kelp_plant":3,"minecraft:crafting_table":1,"minecraft:short_grass":7,"minecraft:grass_block":3,"minecraft:jungle_planks":1,"minecraft:cobblestone":7,"minecraft:oak_planks":1,"minecraft:sugar_cane":1,"minecraft:kelp":1,"minecraft:sandstone":1,"minecraft:tall_seagrass":1,"minecraft:oak_log":15,"minecraft:dirt":18,"minecraft:sand":21,"minecraft:stone":10,"minecraft:oak_leaves":32},"minecraft:picked_up":{"minecraft:wooden_axe":2,"minecraft:crafting_table":1,"minecraft:wooden_pickaxe":5,"minecraft:filled_map":4,"minecraft:oak_log":14,"minecraft:lapis_lazuli":3,"minecraft:dirt":21,"minecraft:paper":22,"minecraft:compass":2,"minecraft:coast_armor_trim_smithing_template":4,"minecraft:bone":1,"minecraft:kelp":52,"minecraft:iron_ingot":19,"minecraft:stone_pickaxe":1,"minecraft:oak_boat":1,"minecraft:iron_nugget":8,"minecraft:sugar_cane":4,"minecraft:oak_planks":1,"minecraft:furnace":1,"minecraft:sandstone":1,"minecraft:stick":8,"minecraft:oak_door":3,"minecraft:fire_charge":1,"minecraft:sand":23,"minecraft:jungle_planks":1,"minecraft:dried_kelp":9,"minecraft:dark_oak_planks":1,"minecraft:arrow":2,"minecraft:diamond":1,"minecraft:stone_axe":3,"minecraft:golden_apple":1,"minecraft:gold_ingot":5,"minecraft:emerald":25,"minecraft:oak_sapling":3,"minecraft:obsidian":8,"minecraft:ender_pearl":1,"minecraft:cobblestone":16},"minecraft:crafted":{"minecraft:oak_planks":32,"minecraft:crafting_table":2,"minecraft:dried_kelp":3,"minecraft:wooden_pickaxe":2,"minecraft:furnace":1,"minecraft:stone_axe":1,"minecraft:oak_boat":1,"minecraft:stick":12,"minecraft:stone_pickaxe":1,"minecraft:wooden_axe":2},"minecraft:custom":{"minecraft:interact_with_furnace":3,"minecraft:interact_with_crafting_table":10,"minecraft:leave_game":1,"minecraft:time_since_death":3423,"minecraft:time_since_rest":3458,"minecraft:sprint_one_cm":60324,"minecraft:damage_taken":757,"minecraft:walk_one_cm":48793,"minecraft:drop":33,"minecraft:damage_dealt":474,"minecraft:swim_one_cm":191473,"minecraft:fly_one_cm":60785,"minecraft:player_kills":3,"minecraft:open_chest":5,"minecraft:crouch_one_cm":95,"minecraft:play_time":48822,"minecraft:deaths":3,"minecraft:sneak_time":216,"minecraft:walk_under_water_one_cm":30793,"minecraft:boat_one_cm":228344,"minecraft:jump":409,"minecraft:walk_on_water_one_cm":30926,"minecraft:total_world_time":48822,"minecraft:fall_one_cm":10326}},"DataVersion":3955}