{"stats":{"minecraft:dropped":{"minecraft:stone_axe":2,"minecraft:compass":1,"minecraft:kelp":40,"minecraft:iron_nugget":4,"minecraft:cobblestone":1,"minecraft:filled_map":2,"minecraft:dirt":20,"minecraft:wooden_axe":2,"minecraft:oak_sapling":1,"minecraft:dried_kelp":9,"minecraft:arrow":2,"minecraft:wooden_pickaxe":5,"minecraft:bone":1,"minecraft:oak_door":3},"minecraft:killed_by":{"minecraft:player":1},"minecraft:used":{"minecraft:wooden_pickaxe":15,"minecraft:dirt":1,"minecraft:sand":3,"minecraft:crafting_table":2,"minecraft:jungle_planks":1,"minecraft:wooden_axe":3,"minecraft:cobblestone":1,"minecraft:furnace":1,"minecraft:oak_boat":1},"minecraft:mined":{"minecraft:dark_oak_planks":1,"minecraft:kelp_plant":3,"minecraft:crafting_table":1,"minecraft:short_grass":7,"minecraft:grass_block":3,"minecraft:jungle_planks":1,"minecraft:cobblestone":2,"minecraft:sugar_cane":1,"minecraft:kelp":1,"minecraft:tall_seagrass":1,"minecraft:oak_log":9,"minecraft:dirt":18,"minecraft:sand":13,"minecraft:stone":10,"minecraft:oak_leaves":30},"minecraft:picked_up":{"minecraft:wooden_axe":2,"minecraft:crafting_table":1,"minecraft:wooden_pickaxe":4,"minecraft:filled_map":4,"minecraft:oak_log":8,"minecraft:lapis_lazuli":3,"minecraft:dirt":21,"minecraft:paper":22,"minecraft:compass":1,"minecraft:coast_armor_trim_smithing_template":4,"minecraft:bone":1,"minecraft:kelp":52,"minecraft:iron_ingot":3,"minecraft:stone_pickaxe":1,"minecraft:iron_nugget":4,"minecraft:sugar_cane":4,"minecraft:furnace":1,"minecraft:stick":8,"minecraft:oak_door":3,"minecraft:fire_charge":1,"minecraft:sand":11,"minecraft:jungle_planks":1,"minecraft:dried_kelp":9,"minecraft:dark_oak_planks":1,"minecraft:arrow":2,"minecraft:diamond":1,"minecraft:stone_axe":2,"minecraft:golden_apple":1,"minecraft:emerald":10,"minecraft:oak_sapling":1,"minecraft:obsidian":8,"minecraft:cobblestone":11},"minecraft:crafted":{"minecraft:oak_planks":32,"minecraft:crafting_table":2,"minecraft:dried_kelp":3,"minecraft:wooden_pickaxe":2,"minecraft:furnace":1,"minecraft:oak_boat":1,"minecraft:stick":12,"minecraft:wooden_axe":2},"minecraft:custom":{"minecraft:interact_with_furnace":3,"minecraft:interact_with_crafting_table":9,"minecraft:leave_game":1,"minecraft:time_since_death":24907,"minecraft:time_since_rest":24943,"minecraft:sprint_one_cm":29355,"minecraft:damage_taken":328,"minecraft:walk_one_cm":34107,"minecraft:drop":29,"minecraft:damage_dealt":267,"minecraft:swim_one_cm":163195,"minecraft:fly_one_cm":27081,"minecraft:player_kills":2,"minecraft:open_chest":3,"minecraft:crouch_one_cm":75,"minecraft:play_time":36822,"minecraft:deaths":1,"minecraft:sneak_time":194,"minecraft:walk_under_water_one_cm":27548,"minecraft:boat_one_cm":177096,"minecraft:jump":232,"minecraft:walk_on_water_one_cm":26511,"minecraft:total_world_time":36822,"minecraft:fall_one_cm":3238}},"DataVersion":3955}