{"stats":{"minecraft:killed_by":{"minecraft:player":1},"minecraft:used":{"minecraft:jungle_planks":1},"minecraft:mined":{"minecraft:tall_seagrass":1,"minecraft:jungle_planks":1,"minecraft:sand":9,"minecraft:kelp_plant":2,"minecraft:sugar_cane":1},"minecraft:picked_up":{"minecraft:coast_armor_trim_smithing_template":2,"minecraft:diamond":1,"minecraft:kelp":5,"minecraft:filled_map":1,"minecraft:fire_charge":1,"minecraft:iron_ingot":3,"minecraft:jungle_planks":1,"minecraft:sand":7,"minecraft:golden_apple":1,"minecraft:iron_nugget":4,"minecraft:emerald":10,"minecraft:sugar_cane":4,"minecraft:obsidian":8,"minecraft:lapis_lazuli":3,"minecraft:paper":22},"minecraft:custom":{"minecraft:time_since_rest":2311,"minecraft:open_chest":2,"minecraft:deaths":1,"minecraft:play_time":14190,"minecraft:sprint_one_cm":12779,"minecraft:damage_taken":275,"minecraft:walk_one_cm":13445,"minecraft:sneak_time":81,"minecraft:walk_under_water_one_cm":18629,"minecraft:jump":99,"minecraft:damage_dealt":197,"minecraft:leave_game":1,"minecraft:time_since_death":2275,"minecraft:walk_on_water_one_cm":16647,"minecraft:total_world_time":14190,"minecraft:swim_one_cm":122157,"minecraft:fall_one_cm":2551,"minecraft:fly_one_cm":16559,"minecraft:player_kills":1}},"DataVersion":3955}