{"stats":{"minecraft:dropped":{"minecraft:wooden_axe":1,"minecraft:wooden_pickaxe":3},"minecraft:killed_by":{"minecraft:player":1},"minecraft:used":{"minecraft:wooden_axe":1,"minecraft:sand":1,"minecraft:dirt":1,"minecraft:crafting_table":1,"minecraft:jungle_planks":1,"minecraft:oak_boat":1},"minecraft:mined":{"minecraft:dark_oak_planks":1,"minecraft:tall_seagrass":1,"minecraft:kelp_plant":2,"minecraft:crafting_table":1,"minecraft:oak_log":9,"minecraft:jungle_planks":1,"minecraft:sand":12,"minecraft:dirt":7,"minecraft:sugar_cane":1,"minecraft:oak_leaves":30},"minecraft:picked_up":{"minecraft:wooden_pickaxe":2,"minecraft:filled_map":2,"minecraft:fire_charge":1,"minecraft:jungle_planks":1,"minecraft:sand":10,"minecraft:oak_log":8,"minecraft:lapis_lazuli":3,"minecraft:dirt":6,"minecraft:paper":22,"minecraft:dark_oak_planks":1,"minecraft:bone":1,"minecraft:coast_armor_trim_smithing_template":4,"minecraft:arrow":2,"minecraft:diamond":1,"minecraft:kelp":5,"minecraft:iron_ingot":3,"minecraft:golden_apple":1,"minecraft:emerald":10,"minecraft:iron_nugget":4,"minecraft:oak_sapling":1,"minecraft:sugar_cane":4,"minecraft:obsidian":8},"minecraft:crafted":{"minecraft:oak_boat":1,"minecraft:oak_planks":32,"minecraft:crafting_table":1,"minecraft:stick":12,"minecraft:wooden_pickaxe":2,"minecraft:wooden_axe":2},"minecraft:custom":{"minecraft:time_since_rest":12943,"minecraft:sprint_one_cm":19918,"minecraft:damage_taken":290,"minecraft:walk_one_cm":25098,"minecraft:drop":4,"minecraft:damage_dealt":197,"minecraft:interact_with_crafting_table":6,"minecraft:swim_one_cm":138704,"minecraft:player_kills":1,"minecraft:fly_one_cm":22872,"minecraft:open_chest":2,"minecraft:play_time":24822,"minecraft:deaths":1,"minecraft:sneak_time":102,"minecraft:walk_under_water_one_cm":23232,"minecraft:boat_one_cm":67446,"minecraft:jump":163,"minecraft:leave_game":1,"minecraft:walk_on_water_one_cm":22594,"minecraft:time_since_death":12907,"minecraft:total_world_time":24822,"minecraft:fall_one_cm":2969}},"DataVersion":3955}