{"stats":{"minecraft:dropped":{"minecraft:kelp":4,"minecraft:sugar_cane":3,"minecraft:iron_nugget":8,"minecraft:obsidian":8,"minecraft:golden_apple":1,"minecraft:emerald":10,"minecraft:filled_map":2,"minecraft:coast_armor_trim_smithing_template":4,"minecraft:fire_charge":1,"minecraft:arrow":3,"minecraft:paper":11,"minecraft:bone":1},"minecraft:killed_by":{"minecraft:player":3},"minecraft:used":{"minecraft:stone_pickaxe":9,"minecraft:dried_kelp":4,"minecraft:oak_planks":1,"minecraft:wooden_pickaxe":28,"minecraft:dirt":22,"minecraft:sand":3,"minecraft:oak_slab":1,"minecraft:wooden_axe":2,"minecraft:grass_block":1,"minecraft:dark_oak_slab":1,"minecraft:stone_axe":14,"minecraft:cobblestone":23,"minecraft:oak_sapling":3,"minecraft:oak_boat":2,"minecraft:bone_meal":3},"minecraft:killed":{"minecraft:enderman":1},"minecraft:mined":{"minecraft:oak_slab":1,"minecraft:oak_sapling":2,"minecraft:kelp_plant":11,"minecraft:cornflower":1,"minecraft:short_grass":4,"minecraft:cobblestone":9,"minecraft:sugar_cane":1,"minecraft:kelp":8,"minecraft:dark_oak_slab":1,"minecraft:bee_nest":1,"minecraft:oak_log":8,"minecraft:dirt":3,"minecraft:sand":5,"minecraft:stone":26,"minecraft:oak_leaves":1},"minecraft:picked_up":{"minecraft:wooden_axe":1,"minecraft:crafting_table":1,"minecraft:wooden_pickaxe":2,"minecraft:filled_map":2,"minecraft:oak_log":9,"minecraft:cornflower":1,"minecraft:dirt":22,"minecraft:compass":2,"minecraft:coast_armor_trim_smithing_template":4,"minecraft:bone":4,"minecraft:apple":2,"minecraft:kelp":70,"minecraft:iron_ingot":16,"minecraft:oak_boat":2,"minecraft:iron_nugget":8,"minecraft:sugar_cane":3,"minecraft:oak_planks":2,"minecraft:oak_slab":1,"minecraft:dark_oak_slab":1,"minecraft:oak_door":3,"minecraft:fire_charge":1,"minecraft:sand":4,"minecraft:dried_kelp":10,"minecraft:grass_block":1,"minecraft:arrow":7,"minecraft:stone_axe":2,"minecraft:golden_apple":1,"minecraft:gold_ingot":5,"minecraft:emerald":10,"minecraft:oak_sapling":4,"minecraft:obsidian":8,"minecraft:cobblestone":37,"minecraft:ender_pearl":1},"minecraft:crafted":{"minecraft:oak_door":3,"minecraft:oak_planks":36,"minecraft:dried_kelp":27,"minecraft:furnace":1,"minecraft:bone_meal":6,"minecraft:stone_axe":1,"minecraft:air":0,"minecraft:oak_boat":1,"minecraft:stick":12,"minecraft:stone_pickaxe":1},"minecraft:custom":{"minecraft:interact_with_furnace":9,"minecraft:mob_kills":1,"minecraft:interact_with_crafting_table":8,"minecraft:leave_game":3,"minecraft:time_since_death":4333,"minecraft:time_since_rest":4359,"minecraft:sprint_one_cm":91107,"minecraft:damage_taken":1075,"minecraft:walk_one_cm":57726,"minecraft:drop":24,"minecraft:damage_dealt":808,"minecraft:swim_one_cm":142705,"minecraft:fly_one_cm":179122,"minecraft:player_kills":2,"minecraft:open_chest":5,"minecraft:crouch_one_cm":14,"minecraft:play_time":50228,"minecraft:deaths":4,"minecraft:sneak_time":397,"minecraft:walk_under_water_one_cm":37257,"minecraft:boat_one_cm":180394,"minecraft:jump":1011,"minecraft:walk_on_water_one_cm":62661,"minecraft:total_world_time":50228,"minecraft:fall_one_cm":31244}},"DataVersion":3955}