{"stats":{"minecraft:dropped":{"minecraft:filled_map":1,"minecraft:kelp":4,"minecraft:sugar_cane":3,"minecraft:iron_nugget":4,"minecraft:coast_armor_trim_smithing_template":4,"minecraft:obsidian":8,"minecraft:fire_charge":1,"minecraft:arrow":3,"minecraft:paper":11,"minecraft:golden_apple":1,"minecraft:bone":1,"minecraft:emerald":10},"minecraft:killed_by":{"minecraft:player":1},"minecraft:used":{"minecraft:wooden_axe":2,"minecraft:dark_oak_slab":1,"minecraft:dirt":1,"minecraft:sand":2,"minecraft:oak_slab":1},"minecraft:mined":{"minecraft:oak_slab":1,"minecraft:dark_oak_slab":1,"minecraft:kelp_plant":5,"minecraft:oak_log":2,"minecraft:sand":2,"minecraft:dirt":1,"minecraft:kelp":2,"minecraft:sugar_cane":1,"minecraft:oak_leaves":1},"minecraft:picked_up":{"minecraft:wooden_axe":1,"minecraft:oak_slab":1,"minecraft:crafting_table":1,"minecraft:dark_oak_slab":1,"minecraft:wooden_pickaxe":1,"minecraft:filled_map":1,"minecraft:fire_charge":1,"minecraft:sand":2,"minecraft:oak_log":3,"minecraft:dirt":2,"minecraft:arrow":3,"minecraft:coast_armor_trim_smithing_template":4,"minecraft:bone":1,"minecraft:kelp":4,"minecraft:golden_apple":1,"minecraft:emerald":10,"minecraft:iron_nugget":4,"minecraft:sugar_cane":3,"minecraft:obsidian":8},"minecraft:crafted":{"minecraft:oak_door":3,"minecraft:oak_planks":12},"minecraft:custom":{"minecraft:time_since_rest":17392,"minecraft:sprint_one_cm":32542,"minecraft:damage_taken":257,"minecraft:walk_one_cm":22300,"minecraft:drop":19,"minecraft:damage_dealt":237,"minecraft:swim_one_cm":113225,"minecraft:interact_with_crafting_table":1,"minecraft:fly_one_cm":78944,"minecraft:player_kills":1,"minecraft:open_chest":3,"minecraft:play_time":26228,"minecraft:deaths":1,"minecraft:sneak_time":219,"minecraft:walk_under_water_one_cm":25267,"minecraft:boat_one_cm":68456,"minecraft:jump":471,"minecraft:leave_game":3,"minecraft:walk_on_water_one_cm":53978,"minecraft:time_since_death":17368,"minecraft:total_world_time":26228,"minecraft:fall_one_cm":14867}},"DataVersion":3955}