{"stats":{"minecraft:dropped":{"minecraft:filled_map":2,"minecraft:kelp":4,"minecraft:sugar_cane":3,"minecraft:iron_nugget":8,"minecraft:coast_armor_trim_smithing_template":4,"minecraft:obsidian":8,"minecraft:fire_charge":1,"minecraft:arrow":3,"minecraft:paper":11,"minecraft:golden_apple":1,"minecraft:bone":1,"minecraft:emerald":10},"minecraft:killed_by":{"minecraft:player":2},"minecraft:used":{"minecraft:wooden_axe":2,"minecraft:stone_pickaxe":9,"minecraft:wooden_pickaxe":28,"minecraft:dark_oak_slab":1,"minecraft:dirt":6,"minecraft:sand":2,"minecraft:cobblestone":23,"minecraft:oak_slab":1},"minecraft:mined":{"minecraft:oak_slab":1,"minecraft:dark_oak_slab":1,"minecraft:kelp_plant":11,"minecraft:oak_log":2,"minecraft:sand":2,"minecraft:dirt":3,"minecraft:cobblestone":9,"minecraft:stone":26,"minecraft:kelp":7,"minecraft:sugar_cane":1,"minecraft:oak_leaves":1},"minecraft:picked_up":{"minecraft:wooden_axe":1,"minecraft:oak_slab":1,"minecraft:crafting_table":1,"minecraft:dark_oak_slab":1,"minecraft:oak_door":3,"minecraft:wooden_pickaxe":2,"minecraft:filled_map":2,"minecraft:fire_charge":1,"minecraft:dried_kelp":3,"minecraft:sand":2,"minecraft:oak_log":3,"minecraft:dirt":22,"minecraft:compass":1,"minecraft:arrow":5,"minecraft:coast_armor_trim_smithing_template":4,"minecraft:bone":2,"minecraft:kelp":70,"minecraft:stone_axe":1,"minecraft:golden_apple":1,"minecraft:emerald":10,"minecraft:iron_nugget":8,"minecraft:oak_sapling":1,"minecraft:sugar_cane":3,"minecraft:obsidian":8,"minecraft:cobblestone":37},"minecraft:crafted":{"minecraft:oak_door":3,"minecraft:oak_planks":12,"minecraft:stick":12,"minecraft:stone_pickaxe":1,"minecraft:furnace":1,"minecraft:stone_axe":1},"minecraft:custom":{"minecraft:time_since_rest":1554,"minecraft:interact_with_furnace":1,"minecraft:sprint_one_cm":35673,"minecraft:damage_taken":478,"minecraft:walk_one_cm":33740,"minecraft:drop":24,"minecraft:damage_dealt":275,"minecraft:swim_one_cm":120173,"minecraft:interact_with_crafting_table":2,"minecraft:fly_one_cm":85279,"minecraft:player_kills":1,"minecraft:open_chest":4,"minecraft:crouch_one_cm":14,"minecraft:play_time":38228,"minecraft:deaths":2,"minecraft:sneak_time":365,"minecraft:walk_under_water_one_cm":35623,"minecraft:boat_one_cm":166427,"minecraft:jump":591,"minecraft:leave_game":3,"minecraft:walk_on_water_one_cm":60528,"minecraft:time_since_death":1491,"minecraft:total_world_time":38228,"minecraft:fall_one_cm":17289}},"DataVersion":3955}