{"stats":{"minecraft:dropped":{"minecraft:fire_charge":1,"minecraft:kelp":4,"minecraft:iron_nugget":4,"minecraft:paper":11,"minecraft:obsidian":8,"minecraft:golden_apple":1,"minecraft:emerald":10},"minecraft:killed_by":{"minecraft:player":1},"minecraft:used":{"minecraft:sand":2},"minecraft:mined":{"minecraft:sand":2,"minecraft:dirt":1,"minecraft:kelp_plant":5,"minecraft:sugar_cane":1,"minecraft:kelp":2,"minecraft:oak_leaves":1},"minecraft:picked_up":{"minecraft:coast_armor_trim_smithing_template":2,"minecraft:kelp":4,"minecraft:filled_map":1,"minecraft:fire_charge":1,"minecraft:sand":2,"minecraft:golden_apple":1,"minecraft:iron_nugget":4,"minecraft:emerald":10,"minecraft:sugar_cane":3,"minecraft:obsidian":8,"minecraft:dirt":1},"minecraft:custom":{"minecraft:open_chest":3,"minecraft:time_since_rest":6106,"minecraft:damage_taken":257,"minecraft:play_time":14942,"minecraft:sprint_one_cm":25443,"minecraft:walk_one_cm":6481,"minecraft:deaths":1,"minecraft:sneak_time":175,"minecraft:walk_under_water_one_cm":19845,"minecraft:drop":7,"minecraft:jump":216,"minecraft:damage_dealt":222,"minecraft:leave_game":3,"minecraft:time_since_death":6082,"minecraft:walk_on_water_one_cm":37951,"minecraft:total_world_time":14942,"minecraft:swim_one_cm":110635,"minecraft:fly_one_cm":42241,"minecraft:fall_one_cm":7643,"minecraft:player_kills":1}},"DataVersion":3955}