{"stats":{"minecraft:dropped":{"minecraft:paper":11},"minecraft:killed_by":{"minecraft:player":1},"minecraft:used":{"minecraft:sand":2},"minecraft:mined":{"minecraft:sand":2,"minecraft:kelp_plant":5,"minecraft:kelp":2,"minecraft:sugar_cane":1,"minecraft:oak_leaves":1},"minecraft:picked_up":{"minecraft:kelp":4,"minecraft:sand":2,"minecraft:sugar_cane":3},"minecraft:custom":{"minecraft:time_since_rest":2891,"minecraft:open_chest":3,"minecraft:play_time":11727,"minecraft:sprint_one_cm":23315,"minecraft:walk_one_cm":6042,"minecraft:damage_taken":257,"minecraft:deaths":1,"minecraft:sneak_time":160,"minecraft:walk_under_water_one_cm":9457,"minecraft:drop":1,"minecraft:jump":201,"minecraft:damage_dealt":207,"minecraft:time_since_death":2867,"minecraft:walk_on_water_one_cm":23286,"minecraft:total_world_time":11727,"minecraft:swim_one_cm":105543,"minecraft:fall_one_cm":7434,"minecraft:fly_one_cm":39795}},"DataVersion":3955}